Unnamed: 0,Kenya Shilling End Period Exchange Rates\1,Unnamed: 2,Unnamed: 3,Unnamed: 4,Unnamed: 5,Unnamed: 6,Unnamed: 7,Unnamed: 8,Unnamed: 9,Unnamed: 10,Unnamed: 11,Unnamed: 12,Unnamed: 13,Unnamed: 14,Unnamed: 15,Unnamed: 16,Unnamed: 17,Unnamed: 18,Unnamed: 19,Unnamed: 20,Unnamed: 21,Unnamed: 22,Unnamed: 23,Unnamed: 24,Unnamed: 25,Unnamed: 26,Unnamed: 27,Unnamed: 28,Unnamed: 29,Unnamed: 30
Year,Month,United States dollar,Sterling pound,Euro,South Africa Rand,Uganda shilling\2,Tanzania shilling\2,Rwanda Franc,Burundi Franc,AE Dirham,Deutch Mark,Canadian dollar,French franc,Swiss franc,Dutch guilder,Italian lira,Belgium franc,Japanese yen (100),Swdish kroner,Norwegian kroner,Danish kroner,Austrian schilling,Finn marka,Spanish peseta,Indian rupee,Hong  kong dollar,Singapore dollar,Saudi riyal,Chinese Yuan,Australian dollar
1993,1,35.92,54.48,,,,,,,,22.67,28.3,6.69,24.58,20.14,2.44,1.1,28.94,5,5.32,5.87,3.22,6.6,31.73,1.39,,,,,
1993,2,36.46,52.21,,,,,,,,22.3,29.12,6.57,24.04,19.82,2.3,1.08,31.04,4.64,5.23,5.82,3.17,6.12,30.96,1.41,,,,,
1993,3,45.53,68.07,,,,,,,,28.15,36.41,8.29,30.47,25.06,2.84,1.37,39.06,5.92,6.62,7.33,4,7.76,39.44,,,,,,
1993,4,59.87,94.2,,,,,,,,37.96,47.05,11.25,42.04,33.78,4,1.85,53.91,8.24,8.98,9.86,5.39,11.02,51.77,,,,,,
1993,5,63.18,98.81,,,,,,,,39.87,49.7,11.81,44.62,35.54,4.32,1.94,59.07,8.83,9.39,10.4,5.66,11.79,50.46,2.01,,,,,
1993,6,65.14,98.5,,,,,,,,38.57,50.82,11.45,43.47,34.39,4.24,1.88,61.18,8.41,9.13,10.04,5.47,11.45,50.51,,,,,,
1993,7,65.25,96.76,,,,,,,,37.49,50.72,10.99,42.68,33.38,4.05,1.8,61.33,7.91,8.75,9.63,5.38,11.1,45.79,2.08,,,,,
1993,8,65.56,98.67,,,,,,,,39.41,49.71,11.26,44.71,35.06,4.12,1.85,63.22,8.15,9.06,9.61,5.59,11.19,48.58,2.09,,,,,
1993,9,66.96,101.21,,,,,,,,41.52,50.4,11.89,47.42,36.97,4.25,1.93,63.71,8.33,9.48,10.28,5.9,11.67,51.42,2.14,,,,,
1993,10,69.06,102.75,,20.54,,,,,,41.25,52.22,11.81,46.73,36.73,4.26,1.91,63.86,8.52,9.46,10.25,5.83,11.92,51.58,2.2,,,,,
1993,11,68.75,102.37,,20.42,,,,,,40.25,51.49,11.65,46.14,35.88,4.06,1.9,62.95,8.15,9.27,10.16,5.72,11.82,49.15,2.19,,,,,
1993,12,68.16,100.92,,20.05,,,,,,39.3,51.31,11.57,46.06,35.13,3.99,1.89,60.91,8.19,9.07,10.08,5.59,11.78,47.82,2.17,,,,,
1994,1,67.67,101.09,,19.83,,,,,,38.85,51.07,11.44,46.06,34.67,3.97,1.88,61.57,8.49,9.03,10,5.55,12.17,48.03,2.16,,,,,
1994,2,67.13,99.88,,19.34,,,,,,39.27,49.78,11.56,46.99,34.97,3.98,1.91,64.05,8.37,9.06,10.04,5.59,12.1,48.16,2.14,,,,,
1994,3,64.86,96.03,,18.71,,,,,,38.71,46.93,11.33,45.69,34.44,3.97,1.88,63.03,8.25,8.88,9.83,5.5,11.82,47.43,2.07,,,,,
1994,4,60.77,91.94,,16.96,,,,,,36.58,44.01,10.64,42.86,32.39,3.77,1.74,59.84,7.79,8.38,9.25,5.13,10.83,44.74,1.9,,,,,
1994,5,56.46,85.19,,15.49,,,,,,34.34,40.91,10.05,40.27,30.64,3.57,1.68,54.12,7.32,7.93,8.81,4.88,10.48,41.72,1.81,,,,,
1994,6,55.96,86.53,,15.38,,,,,,35.3,40.51,10.31,41.99,31.48,3.56,1.72,56.48,7.33,8.11,9.01,5.01,10.63,42.93,1.79,,,,,
1994,7,55.91,85.42,,15.19,,,,,,35.17,40.44,10.31,41.53,31.3,3.51,1.72,56.07,7.19,8.1,8.98,5.08,10.74,43.03,1.8,,,,,
1994,8,54.81,84.24,,15.29,,,,,,34.8,40.03,10.15,41.2,30.95,3.48,1.69,55.04,7.1,7.94,8.8,4.88,10.76,41.9,1.76,,,,,
1994,9,48.01,75.83,,13.5,,,,,,31.02,35.74,9.09,37.37,27.69,3.09,1.51,48.75,6.44,7.1,7.91,4.42,9.85,37.39,1.55,,,,,
1994,10,41.27,67.48,,11.76,,,,,,27.54,29.86,8.06,32.84,24.45,2.7,1.33,42.74,5.79,6.35,7.04,3.92,8.85,32.44,1.32,,,,,
1994,11,45.95,71.81,,12.97,,,,,,29.28,33.33,8.53,34.61,26.13,2.85,1.42,46.48,6.11,6.74,7.48,4.19,9.7,35.49,1.49,,,,,
1994,12,44.84,69.95,,12.64,,,,,,28.89,31.93,8.37,34.14,25.78,2.77,1.41,44.95,6.03,6.6,7.37,4.12,9.45,33.88,1.43,,,,,
1995,1,44.47,70.97,,12.6,,,,,,29.55,31.3,8.52,35.12,26.36,2.8,1.43,45.13,6.01,,7.48,4.19,9.45,,1.42,,,,,
1995,2,44.44,70.4,,12.31,,,,,,30.31,31.99,8.65,35.84,27.01,2.67,1.47,45.82,6.03,,7.64,4.34,9.78,,1.42,,,,,
1995,3,43.55,69.95,,12.09,,,,,,30.91,30.91,8.88,37.24,27.61,2.55,1.5,48.76,5.87,,7.83,4.38,9.91,,1.39,,,,,
1995,4,45.89,74.24,,12.7,,,,,,33.39,33.67,9.43,40.49,29.8,2.71,1.62,54.91,6.35,,8.51,4.76,10.82,,1.46,,,,,
1995,5,54.04,86.66,,14.75,,,,,,38.92,39.46,11.04,47.13,34.76,3.35,1.86,64.92,7.48,,9.98,5.55,12.61,,1.75,,,,,
1995,6,54.63,86.95,,15,,,,,,39.51,39.71,11.27,47.49,35.25,3.34,1.93,64.55,7.54,,10.13,5.59,12.86,,1.75,,,,,
1995,7,55.83,89.43,,15.47,,,,,,40.4,40.77,11.68,48.56,36.03,3.53,1.98,63.24,7.94,,10.4,  -    ,13.39,,1.79,,,,,
1995,8,55.32,85.58,,15.13,,,,,,37.49,41.31,10.91,45.67,33.45,3.41,1.84,56.21,7.58,,9.67,5.32,12.62,,1.74,,,,,
1995,9,55.47,87.7,,15.25,,,,,,39.24,41.17,11.34,48.62,34.93,3.47,1.91,56.4,8.03,,10.08,5.59,13.02,,1.67,,,,,
1995,10,55.5,87.5,,15.24,,,,,,39.42,41.53,11.4,48.81,35.17,3.52,1.92,54.62,8.4,,10.19,5.64,13.11,,1.65,,,,,
1995,11,55.58,85.48,,15.19,,,,,,38.77,40.94,11.28,47.88,34.61,3.51,1.88,54.79,8.56,,10.06,5.52,13.04,,1.61,,,,,
1995,12,55.94,86.56,,15.33,,,,,,38.93,41.09,11.41,48.5,34.77,3.55,1.9,54.38,8.39,,10.07,5.54,12.81,,1.61,,,,,
1996,1,59.53,89.71,,16.27,,,,,,40,43.12,11.65,49.04,35.7,3.76,1.94,55.54,8.58,,10.33,5.69,13.06,,1.67,,,,,
1996,2,58.39,89.54,,15.3,,,,,,39.81,42.57,11.62,48.85,35.58,3.77,1.94,55.86,8.69,,10.31,5.67,12.95,,1.67,,,,,
1996,3,58.39,89.13,,14.62,,,,,,39.61,42.84,11.62,49.15,35.38,3.73,1.93,54.83,8.79,,10.26,5.64,12.61,,1.71,,,,,
1996,4,58.33,88.01,,13.37,,,,,,38.25,42.9,11.33,47.2,34.16,3.74,1.84,55.83,8.63,,9.92,5.44,12.08,,1.7,,,,,
1996,5,58.2,89.21,,13.32,,,,,,37.21,42.46,11.21,46.12,33.87,3.75,1.85,53.71,8.6,,9.82,5.39,12.29,,1.66,,,,,
1996,6,57.42,88.86,,13.23,,,,,,37.75,42.13,11.16,45.86,33.66,3.75,1.85,52.4,8.67,,9.8,5.37,12.39,,1.65,,,,,
1996,7,57.24,89.18,,12.81,18.51,10.41,,,,38.86,41.67,11.45,47.82,34.58,3.76,1.89,53.22,8.68,,10.05,5.52,12.72,,1.61,,,,,
1996,8,56.92,88.66,,12.63,18.82,10.38,,,,38.58,41.64,11.25,47.68,34.39,3.77,1.88,52.53,8.62,,9.97,5.48,12.78,,1.6,,,,,
1996,9,56.11,87.75,,12.38,19.21,10.52,,,,36.84,41.16,10.89,44.77,32.83,3.69,1.8,50.53,8.48,,9.59,5.24,12.31,,1.58,,,,,
1996,10,55.69,90.92,,11.74,19.77,10.7,,,,36.83,41.53,10.91,44.38,32.83,3.68,1.79,48.96,8.49,,9.59,5.24,12.32,,1.58,,,,,
1996,11,55.4,93.04,,12.12,19.45,10.79,,,,36.16,41.15,10.65,42.81,32.23,3.66,1.76,48.79,8.28,,9.42,5.14,12.05,,1.55,,,,,
1996,12,55.02,93.05,,11.77,18.7,10.82,,,,35.34,40.17,10.51,40.82,31.52,3.6,1.72,47.39,8,,9.2,5.04,11.85,,1.54,,,,,
1997,1,54.71,88.13,,11.98,19.2,10.93,,,,33.43,40.57,9.91,38.44,29.77,3.4,1.63,44.91,7.57,,8.76,4.75,11.24,,1.53,,,,,
1997,2,54.94,89.41,,12.28,18.7,10.91,,,,32.58,40.16,9.65,37.3,28.97,3.28,1.58,45.67,7.36,,8.54,4.63,10.95,,1.54,,,,,
1997,3,54.7,89.29,,12.37,18.73,10.97,,,,32.57,39.85,9.66,37.6,28.94,3.27,1.58,44.22,7.21,,8.54,4.63,10.99,,1.53,,,,,
1997,4,55.49,90.57,,12.49,19.33,10.83,,,,32.22,39.7,9.55,37.87,28.63,3.25,1.56,43.67,7.1,,8.46,4.58,10.68,,1.55,,,,,
1997,5,53.45,87.63,,11.97,19.94,11.5,,,,31.49,38.73,9.31,37.84,27.98,3.17,1.53,45.96,6.93,,8.26,4.47,10.42,,1.5,,,,,
1997,6,54.46,90.62,,12.06,19.6,11.46,,,,31.34,39.49,9.29,37.48,27.86,3.21,1.52,47.66,7.06,,8.23,4.45,10.51,,1.53,,,,,
1997,7,58.91,96.56,,12.82,18.01,10.61,,,,32.06,42.7,9.51,38.89,28.45,3.29,1.56,49.79,7.39,,8.42,4.56,10.78,,1.65,,,,,
1997,8,65.92,106.59,,14.03,16.69,9.39,,,,36.72,47.44,10.91,44.44,32.61,3.75,1.78,55.24,8.44,,9.65,5.22,12.25,,1.82,,,,,
1997,9,62.03,99.97,,13.3,17.94,9.88,,,,35.09,44.87,10.45,42.62,31.17,3.6,1.7,51.28,8.17,,9.23,4.99,11.75,,1.73,,,,,
1997,10,63.99,106.72,,13.26,17.86,9.62,,,,37.25,45.45,11.13,45.83,33.06,3.8,1.82,53.25,8.54,,9.8,5.28,12.44,,1.77,,,,,
1997,11,63.54,106.49,,13.1,18.06,9.7,,,,36.12,44.62,10.8,44.75,32.06,3.69,1.75,49.86,8.22,,9.49,5.13,11.96,,1.65,,,,,
1997,12,62.68,103.92,,12.88,18.14,9.98,,,,35.04,43.73,10.47,43.12,31.07,3.58,1.7,48.28,7.93,,9.19,4.98,11.57,,1.61,,,,,
1998,1,60.04,98.47,,12.2,19.2,10.6,,,,33.13,41.23,9.89,40.99,29.4,3.36,1.61,47.97,7.48,,8.7,4.72,10.96,,1.55,,,,,
1998,2,59.99,98.61,,12.13,19.21,11.09,,,,33.04,42.25,9.85,41.04,29.33,3.35,1.61,47.17,7.46,,8.68,4.7,10.89,,1.53,,,,,
1998,3,59.89,100.5,,11.92,19.24,11.1,,,,32.44,42.11,9.66,39.37,28.78,3.29,1.57,45.45,7.53,,8.51,4.61,10.69,,1.52,,,,,
1998,4,59.71,99.79,,11.83,19.54,11.18,,,,33.29,41.59,9.93,39.93,29.58,3.38,1.63,45.22,7.71,,8.73,4.73,10.97,,1.51,,,,,
1998,5,63.06,102.3,,12.15,19.43,10.5,,,,35.33,43.27,10.54,42.65,31.35,3.59,1.72,45.32,8.06,,9.28,5.02,11.64,,1.52,,,,,
1998,6,59.48,99.2,,10.11,20.65,11.19,,,,32.89,40.46,9.84,39.08,29.18,3.34,1.6,42.31,7.48,,8.63,4.68,10.83,,1.4,,,,,
1998,7,59.05,96.67,,9.63,20.93,11.36,,,,33.23,39.3,9.9,39.63,29.43,3.37,1.61,41.11,7.43,,8.71,4.72,10.92,,1.39,,,,,
1998,8,59.54,99.57,,9.17,20.93,11.28,,,,33.98,38.25,10.14,41.53,30.12,3.45,1.65,42.09,7.44,,8.93,4.83,11.19,,1.4,,,,,
1998,9,60.04,102.59,,10.32,21.56,11.24,,,,35.95,39.66,10.73,43.37,31.88,3.65,1.74,44.36,7.69,,9.46,5.11,11.81,,1.42,,,,,
1998,10,59.73,100.35,,10.46,22.09,11.28,,,,36.19,38.49,10.75,44.5,32.08,3.67,1.75,51.75,7.69,,9.52,5.15,11.87,,1.41,,,,,
1998,11,60.05,99.2,,10.52,22.73,11.26,,,,35.11,39.09,10.47,42.57,31.15,3.55,1.7,48.55,7.36,,9.24,4.99,11.56,,1.41,,,,,
1998,12,61.91,103.04,,10.66,21.99,10.95,,,,36.89,40.1,11,44.85,32.73,3.74,1.8,53.61,7.63,,9.69,5.25,11.76,,1.46,,,,,
1999,1,61.75,101.68,70.53,10.25,22.15,11.09,,,,36.07,40.72,10.76,43.79,32.01,3.64,1.75,53.17,7.97,,9.49,5.13,11.87,,1.45,,,,,
1999,2,63.92,102.34,70.18,10.35,21.53,10.53,,,,35.89,42.31,10.7,44.21,31.82,3.6,1.74,53.04,7.83,,9.46,5.1,11.77,,1.5,,,,,
1999,3,64.91,104.6,69.53,10.47,21.35,10.69,,,,35.56,42.97,10.62,43.58,31.56,3.58,1.72,53.96,7.78,,9.36,5.05,11.7,,1.53,,,,,
1999,4,67.72,109.2,72.01,11.2,21.95,10.21,,,,36.83,46.17,10.98,44.68,32.68,3.71,1.79,56.83,8.09,,9.69,5.23,12.15,,1.59,,,,,
1999,5,70.5,112.99,73.77,11.28,20.85,10.15,,,,37.72,47.82,11.25,46.3,33.46,3.8,1.83,58.12,8.22,,9.42,5.36,12.41,,1.66,,,,,
1999,6,72.91,114.92,75.34,12.08,19.9,10.11,,,,38.53,49.41,11.49,47.06,34.18,3.89,1.87,60.35,8.62,,10.14,5.48,12.66,,1.69,,,,,
1999,7,74.23,119.87,79.55,12.04,19.66,10.65,,,,40.68,49.31,12.13,49.81,36.1,4.1,1.97,64.43,9.06,,10.69,5.78,13.39,,1.72,,,,,
1999,8,75.17,119.79,78.89,12.35,19.52,10.59,,,,40.34,50.35,12.03,49.28,35.8,4.07,1.96,67.92,9.05,,10.62,5.74,13.27,,1.73,,,,,
1999,9,77.07,126.77,82.07,12.83,19.51,10.34,,,,41.97,52.55,12.52,51.32,37.24,4.23,2.04,72.31,9.44,,11.04,5.96,13.8,,1.77,,,,,
1999,10,75.19,123.26,79.14,12.23,20.04,10.6,,,,40.47,51.06,12.07,49.35,35.92,4.08,1.96,71.71,9.13,,10.65,5.75,13.31,,1.73,,,,,
1999,11,74.66,119.8,75.43,12.06,20.07,10.68,,,,38.57,50.68,11.5,47.07,34.24,3.89,1.88,73.35,8.81,,10.14,5.48,12.69,,1.72,,,,,
1999,12,72.93,118.11,73.43,11.84,20.63,10.94,,,,37.55,50.2,11.2,45.76,33.33,3.79,1.83,71.43,8.57,,9.85,5.34,12.35,,1.68,,,,,
2000,1,72.81,118.04,71.4,11.47,20.66,10.99,,,19.83,36.51,50.41,10.89,44.37,32.42,3.67,1.77,68.15,8.28,8.85,9.59,5.19,12.03,42.91,1.67,,,,,
2000,2,73.4,117.26,71.14,11.54,20.58,10.91,,,19.98,36.58,50.53,10.91,44.3,32.66,3.68,1.79,66.59,8.46,8.82,9.54,5.23,12.31,42.78,1.68,,,,,
2000,3,74.87,119.29,71.72,11.39,20.21,10.69,,,20.39,36.68,51.4,10.97,45.03,32.54,3.7,1.78,71.08,8.66,8.89,9.58,5.22,12.08,43.4,1.72,,,,,
2000,4,74.86,117.71,68.22,10.94,20.44,10.68,,,20.38,34.91,50.64,10.47,43.39,30.99,3.52,1.69,70.27,8.37,8.37,9.15,4.96,11.49,40.99,1.71,,,,,
2000,5,76.7,114.7,71.28,10.94,20.21,10.42,,,20.88,36.44,50.97,10.91,45.38,32.33,3.67,1.77,71.88,8.51,8.57,9.56,5.18,12.01,42.01,1.72,,,,,
2000,6,77.95,118.42,74.3,11.43,20.59,10.26,,,21.22,37.99,52.57,11.36,47.72,33.72,3.84,1.84,73.85,8.83,9.09,9.97,5.4,12.51,44.67,1.75,,,20.79,,46.62
2000,7,74.56,112.24,68.96,10.7,21.74,10.72,,,20.31,35.28,50.51,10.57,44.55,31.32,3.57,1.71,68.1,8.14,8.45,9.38,5.02,11.56,41.91,1.66,9.56,43,19.88,,43.41
2000,8,77.61,113.04,69.41,11.16,22.16,10.31,,,21.13,35.48,52.56,10.65,44.85,31.49,3.58,1.72,72.94,8.23,8.59,9.3,5.04,11.67,41.7,1.7,9.95,45.1,20.69,,44.64
2000,9,78.99,115.49,69.44,10.44,23.17,10.13,,,21.51,35.5,52.61,10.67,45.59,31.51,3.59,1.72,73.32,8.14,8.68,9.31,5.05,11.67,41.76,1.72,10.13,45.4,21.06,,42.82
2000,10,79.36,114.93,66.69,10.45,23.22,10.08,,,21.61,34.11,51.83,10.27,43.9,30.26,3.45,1.65,72.89,7.87,8.44,8.96,4.85,11.21,40.08,1.69,10.17,45.16,21.16,,40.75
2000,11,79.3,112.7,68.15,10.19,23.27,10.13,,,21.59,34.84,51.29,10.48,45.14,30.92,3.52,1.69,71.39,7.83,8.48,9.12,4.95,11.45,40.93,1.69,10.17,45.12,21.14,,41.39
2000,12,78.04,116.41,72.48,10.32,22.04,10.29,,,21.25,37.08,51.96,11.1,47.67,32.91,3.74,1.8,67.97,8.18,8.78,9.7,5.27,12.2,43.47,1.67,10.01,45.06,20.81,,43.22
2001,1,78.62,114.94,72.87,10.09,22.64,10.24,,,21.41,37.29,52.29,11.16,47.78,33.06,3.76,1.81,67.56,8.24,8.9,9.76,5.29,12.25,43.8,1.69,10.08,45.11,20.96,,42.9
2001,2,78.08,112.6,71.69,10.53,21.26,10.53,,,21.26,36.66,51.08,10.98,46.57,32.51,3.7,1.78,67.15,7.91,8.69,9.62,5.21,12.05,43.1,1.68,10.01,44.83,20.82,,41
2001,3,77.82,111.23,68.57,9.68,22.87,10.98,,,21.19,35.09,49.49,10.54,44.95,31.14,3.54,1.7,62.5,7.47,8.53,9.16,4.99,11.51,41.17,1.67,9.98,43.18,20.75,,38.1
2001,4,77.55,111.33,69.17,9.73,23.11,11.41,,,21.09,35.32,50.31,10.53,44.95,31.34,3.57,1.71,62.6,7.61,8.53,9.26,5.02,11.62,41.52,1.66,9.94,42.65,20.68,,39.39
2001,5,78.52,111.52,67.08,9.84,22.8,11.33,,,21.38,34.37,50.84,10.23,44,30.4,3.48,1.66,65.75,7.4,8.5,9,4.88,11.27,40.26,1.67,10.07,43.44,20.94,,40.1
2001,6,78.99,111.25,66.78,9.79,22.16,11.27,,,21.51,34.15,51.83,10.28,43.9,30.3,3.45,1.66,63.71,7.27,8.49,8.97,4.85,11.23,40.13,1.68,10.13,43.37,21.06,,40.09
2001,7,78.88,112.63,69.01,9.58,22.19,11.33,,,21.48,35.26,51.56,10.52,45.71,31.32,3.56,1.71,63.41,7.45,8.64,9.27,5.01,11.61,41.48,1.67,10.11,43.75,21.03,,39.76
2001,8,78.93,115.23,72.52,9.42,22.22,11.3,,,21.49,37.08,51.03,11.06,47.86,32.91,3.75,1.8,66.45,7.62,8.98,9.74,5.27,12.2,43.59,1.67,10.12,45.39,21.05,,42.16
2001,9,79.02,116.18,72.29,8.78,22.17,11.3,,,21.51,36.96,50.06,11.02,48.88,32.8,3.73,1.36,66.27,7.36,8.94,9.71,5.25,12.16,43.45,1.65,10.13,44.8,21.07,,38.94
2001,10,79.08,114.95,71.71,8.4,21.93,11.41,,,21.53,36.66,50.07,10.93,48.75,32.53,3.7,1.78,64.89,7.46,8.96,9.63,5.21,12.06,43.1,1.65,10.14,43.32,21.09,,40.09
2001,11,78.97,112.52,70.07,7.72,22.03,11.62,,,21.5,35.83,50.05,10.68,47.7,31.8,3.62,1.74,63.7,7.4,8.8,9.42,5.09,11.79,42.11,1.65,10.13,43.15,21.06,,41.04
2001,12,78.6,114,69.56,6.55,22.14,11.65,,,21.4,35.58,49.42,10.61,46.99,31.57,3.59,1.73,59.84,7.47,8.74,9.36,5.06,11.71,41.84,1.63,10.08,42.46,20.96,,40.17
2002,1,78.6,111.16,67.78,6.87,22.27,11.9,,,21.4,34.67,49.13,10.34,46.04,30.77,3.5,1.68,59.19,7.39,8.64,9.13,4.95,11.4,40.74,1.62,10.08,42.92,20.96,,39.91
2002,2,78.11,110.85,67.65,6.84,22.54,12.35,,,21.27,34.6,48.58,10.32,45.85,30.7,3.5,1.68,58.32,7.44,8.75,9.17,4.17,11.38,40.6,1.6,10.02,42.56,20.83,,40.33
2002,3,78.06,111.29,68.2,6.83,22.78,12.57,,,21.25,,49.05,,46.52,,,,58.88,7.56,8.86,9.21,,,,1.6,10.01,42.4,20.81,,41.51
2002,4,78.3,114.13,70.73,7.39,22.97,12.36,,,21.32,,49.73,,47.64,,,,61.19,7.64,9.24,9.51,,,,1.6,10.04,43.26,20.88,,42.26
2002,5,78.32,114.79,73.48,8.06,22.95,12.27,,,21.32,,51.05,,50.19,,,,63.08,8.06,9.86,9.88,,,,1.6,10.04,43.87,20.88,,44.54
2002,6,78.79,120.29,77.84,7.48,22.85,12,,,21.45,,52.11,,52.84,,,,65.92,8.57,10.51,10.48,,,,1.61,10.1,44.65,21.01,,44.42
2002,7,78.74,123.83,77.45,7.76,22.94,12.13,,,21.44,,50.38,,53.25,,,,65.92,8.38,10.43,10.41,,,,1.62,10.09,44.66,21,,43.1
2002,8,78.68,121.85,77.5,7.4,22.96,12.3,,,21.42,,50.74,,52.7,,,,66.69,8.46,10.49,10.44,,,,1.62,10.09,44.99,20.98,,43.55
2002,9,79.03,123.61,77.71,7.49,23.02,12.29,,,21.52,,50.4,,53.05,,,,64.95,8.52,10.57,10.46,,,,1.63,10.13,44.48,21.07,,42.96
2002,10,79.66,124.26,78.66,7.88,23.02,12.32,,,21.69,,51.14,,53.74,,,,65,8.67,10.64,10.58,,,,1.65,10.21,45.1,21.24,,44.09
2002,11,80.11,124.17,79.53,8.62,23.01,12.3,,,21.81,,51.21,,53.82,,,,65.51,8.75,10.9,10.72,,,,1.66,10.27,45.43,21.36,,44.91
2002,12,77.07,123.59,80.79,8.93,24.08,12.23,,,20.99,,49.75,,55.65,,,,64.88,8.83,11,10.88,,,,1.61,9.88,44.35,20.55,,43.67
2003,1,77.74,128.55,84.1,9.05,24.11,13.13,,,21.17,,51.59,,57.32,,,,65.32,9.15,11.29,11.31,,,,1.63,9.97,44.75,20.73,,45.7
2003,2,76.6,120.91,82.33,9.57,24.96,13.41,,,20.86,,51.84,,56.29,,,,65.09,9.03,10.64,11.09,,,,1.61,9.82,44.07,20.43,,46.36
2003,3,76.65,120.86,83.03,9.64,25.61,13.6,,,20.87,,52.65,,56.21,,,,64.22,8.99,10.54,11.18,,,,1.61,9.83,43.44,20.44,,46.28
2003,4,74.5,118.91,82.86,10.5,26.65,13.99,,,20.28,,52.11,,54.8,,,,62.36,9.08,10.59,11.16,,,,1.57,9.55,41.99,19.87,,46.42
2003,5,73.11,120.76,86.82,9.21,27.27,14.23,,,19.91,,53.6,,56.85,,,,61.85,9.49,11.01,11.7,,,,1.56,9.38,42.25,19.5,,47.8
2003,6,74.17,122.54,84.76,9.88,27.01,14.05,,,20.19,,54.99,,54.85,,,,61.9,9.21,10.21,11.41,,,,1.6,9.51,42.15,19.78,,49.52
2003,7,75.43,121.69,85.5,10.17,26.47,13.84,,,20.54,,53.75,,55.22,,,,62.87,9.33,10.46,11.51,,,,1.64,9.67,42.89,20.11,,49.27
2003,8,76.68,120.88,83.42,10.38,26.13,13.6,,,20.88,,54.77,,54.22,,,,65.48,9.05,10.05,11.24,,,,1.67,9.83,43.64,20.45,,49.1
2003,9,78.42,130.93,91.18,10.99,25.33,13.33,,,21.35,,58.04,,59.17,,,,70.65,10.17,11.19,12.29,,,,1.71,10.12,45.36,20.91,,53.34
2003,10,78.45,133.02,91.12,11.31,25.31,13.35,,,21.36,,59.64,,58.83,,,,71.94,10.03,11.09,12.26,,,,1.73,10.1,45.15,20.92,,55.27
2003,11,76.35,130.97,91.04,11.84,25.61,13.72,,,20.79,,58.3,,58.7,,,,69.71,10.03,11.12,12.24,,,,1.66,9.83,44.22,20.36,,55.08
2003,12,76.14,135.51,95.62,11.45,25.48,13.92,,,20.73,,58.76,,61.36,,,,71.18,10.5,11.34,12.85,,,,1.67,9.81,44.77,20.3,,57.09
2004,1,76.47,138.86,94.91,10.81,24.88,14.48,,,20.82,,57.53,,60.78,,,,72.12,10.33,10.79,12.73,,,,1.69,9.84,45.03,20.39,,58.18
2004,2,76.45,142.39,95.09,11.46,24.92,14.52,,,20.82,,56.87,,60.32,,,,69.84,10.27,10.82,12.76,,,,1.69,9.82,44.84,20.39,,58.93
2004,3,77.76,142.56,95.25,12.31,24.74,14.26,,,21.17,,59.64,,61.08,,,,74.74,10.24,11.31,12.77,,,,1.78,9.98,46.33,20.74,,58.99
2004,4,78.35,139.05,93.77,11.35,24.38,14.27,,,21.33,,57.12,,60.67,,,,71.11,10.22,11.44,12.6,,,,1.77,10.05,45.97,20.89,,56.56
2004,5,79.37,145.1,96.72,12.04,23.14,14.05,,,21.61,,57.97,,63.12,,,,71.82,10.57,11.74,13.02,,,,1.74,10.18,46.78,21.16,,56.72
2004,6,79.51,143.59,96.09,12.65,22.5,13.95,,,21.65,,58.99,,62.86,,,,73.2,10.51,11.47,12.93,,,,1.73,10.2,46.28,21.2,,54.8
2004,7,80.4,146.08,96.81,12.79,22.05,13.68,,,21.89,,60.64,,62.81,,,,71.82,10.46,11.45,13.02,,,,1.73,10.31,46.65,21.44,,56.23
2004,8,80.04,143.89,96.69,11.9,21.36,13.47,,,21.79,,60.79,,62.76,,,,73.03,10.56,11.52,13,,,,1.73,10.26,46.73,21.34,,56.12
2004,9,81.11,146.05,100.01,12.6,21.6,13.08,,,22.08,,63.88,,64.41,,,,73.26,11.01,11.93,13.45,,,,1.76,10.4,47.98,21.63,,57.95
2004,10,81.27,148.81,103.54,13.23,21.3,13.07,,,22.13,,66.4,,67.69,,,,76.57,11.42,12.64,13.94,,,,1.79,10.45,48.86,21.67,,60.63
2004,11,81.24,153.45,107.7,13.96,21.46,13.05,,,22.12,,68.39,,71.09,,,,78.8,12.06,13.27,14.5,,,,1.82,10.45,49.52,21.66,,63.07
2004,12,77.34,149,105.33,13.67,22.48,13.49,,,21.06,,64.23,,68.3,,,,75.38,11.65,12.79,14.16,,,,1.78,9.95,47.35,20.62,,60.29
2005,1,76.8,144.84,100.04,12.89,22.3,14.28,,,20.91,,61.95,,64.61,,,,74.19,10.96,12.12,13.44,,,,1.76,9.85,46.9,20.48,,59.45
2005,2,75.62,145.13,100.13,12.93,22.48,14.75,,,20.59,,61.16,,64.98,,,,72.14,10.98,12,13.49,,,,1.73,9.7,46.53,20.16,,59.87
2005,3,75.02,141.01,96.95,12.01,23.16,14.69,,,20.42,,61.49,,62.79,,,,70.34,10.59,11.82,13.01,,,,1.72,9.62,45.45,20,,57.89
2005,4,76.6,146.65,99.29,12.52,23.12,14.43,,,20.86,,61.29,,64.59,,,,72.72,10.82,12.19,13.34,,,,1.76,9.83,46.7,20.43,,59.87
2005,5,77.06,139.99,95.73,11.53,22.87,14.6,,,20.98,,61.05,,61.99,,,,71.23,10.41,12.03,12.83,,,,1.77,9.91,46.29,20.55,,58.25
2005,6,76.21,137.74,92.1,11.4,22.83,14.81,,,20.75,,61.99,,59.5,,,,69.1,9.74,11.64,12.36,,,,1.75,9.81,45.26,20.32,,58.18
2005,7,76.04,133.46,92.23,11.45,23.34,14.91,,,20.7,,61.76,,59.13,,,,67.78,9.8,11.66,12.36,,,,1.75,9.78,45.78,20.33,,57.77
2005,8,75.7,135.19,92.42,11.56,23.98,14.97,,,20.61,,63.43,,59.63,,,,68.03,9.89,11.68,12.39,,,,1.72,9.74,44.88,20.18,,56.56
2005,9,74.08,130.43,89.13,11.58,25.11,15.31,,,20.17,,63.2,,57.26,,,,65.46,9.55,11.36,11.95,,,,1.69,9.55,43.85,19.74,,56.43
2005,10,73.61,130.38,88.69,11.02,24.86,15.5,,,20.04,,62.49,,57.37,,,,63.71,9.32,11.32,11.9,,,,1.63,9.49,43.52,19.62,,55.22
2005,11,74.49,128.15,87.82,11.43,24.5,16.02,,,20.28,,63.8,,56.74,,,,62.43,9.22,11.04,11.78,,,,1.62,9.61,44.04,19.86,,55.03
2005,12,72.37,124.98,85.91,11.38,25.08,16.12,,,19.7,,62.21,,55.18,,,,61.68,9.12,10.7,11.52,,,,1.61,9.33,43.5,19.3,,53.12
2006,1,71.98,127.41,87.09,11.71,25.23,16.43,,,19.6,,62.8,,56.01,,,,61.24,9.43,10.7,11.67,,,,1.63,9.28,44.31,19.19,,54.07
2006,2,73.2,127.42,86.82,11.77,24.89,16.27,,,19.93,,64.12,,55.41,,,,62.98,9.19,10.78,11.64,,,,1.64,9.43,45.07,19.52,,54.01
2006,3,71.87,125.37,87.31,11.56,25.32,17,,,19.57,,61.89,,55.32,,,,61.22,9.28,10.95,11.7,,,,1.61,9.26,44.43,19.16,,51.5
2006,4,71.16,128.21,89.16,11.49,25.75,17.22,,,19.37,,63.3,,56.46,,,,62.27,9.58,11.45,11.95,,,,1.59,9.18,44.99,18.97,,53.66
2006,5,72.27,136.13,93.06,10.79,25.62,17.41,,,19.68,,65.71,,59.69,,,,64.54,10.02,11.89,12.48,,,,1.56,9.32,45.88,19.27,,55.19
2006,6,73.88,135.61,93.99,10.36,25.18,16.97,,,20.12,,65.66,,60.01,,,,64.46,10.19,11.86,12.6,,,,1.6,9.51,46.52,19.7,,54.88
2006,7,73.62,136.97,93.85,10.63,25.16,17.53,,,20.04,,64.17,,59.68,,,,64.29,10.18,11.89,12.58,,,,1.59,9.47,46.67,19.63,,56.44
2006,8,72.62,138.34,93.2,10.23,25.54,18.2,,,19.77,,64.45,,59.14,,,,61.91,10.09,11.5,12.5,,,,1.56,9.34,46.19,19.36,,55.37
2006,9,72.68,136.25,92.3,9.47,25.59,17.58,,,19.79,,65.35,,58.31,,,,61.67,9.98,11.25,12.37,,,,1.58,9.33,45.8,19.38,,54.35
2006,10,72.02,136.87,91.59,9.53,25.26,17.97,,,19.61,,64.01,,57.72,,,,61.29,9.93,10.97,12.29,,,,1.6,9.26,46.14,19.2,,55.42
2006,11,69.95,136.32,92.12,9.8,25.95,18.54,,,19.05,,61.55,,57.94,,,,60.18,10.15,11.23,12.36,,,,1.56,8.99,44.88,18.65,,54.19
2006,12,69.4,136.32,91.39,9.94,26.15,18.68,,,18.9,,59.82,,57.05,,,,58.35,10.11,11.08,12.26,,,,1.57,8.92,44.53,18.51,,53.76
2007,1,70.54,138.38,91.43,9.68,25.73,18.38,,,19.21,,59.82,,56.45,,,,58.09,10.1,11.23,12.26,,,,1.6,9.07,45.26,18.81,8.96,54.64
2007,2,69.73,136.84,92.17,9.59,24.9,18.1,,,18.99,,59.68,,57.3,,,,58.98,9.96,11.36,12.37,,,,1.57,8.93,45.59,18.59,9.01,54.95
2007,3,68.78,135,91.77,9.44,25.37,18,,,18.73,,59.42,,56.7,,,,58.44,9.84,11.3,12.32,,,,1.58,8.8,45.36,18.34,8.9,55.49
2007,4,68.31,136.2,93.05,9.57,25.37,18.68,,,18.6,,61.14,,56.78,,,,57.12,10.1,11.44,12.47,,,,1.65,8.73,45.06,18.21,8.85,56.42
2007,5,66.97,132.29,89.97,9.37,25.35,18.68,,,18.23,,62.39,,54.66,,,,55.08,9.63,11.05,12.08,,,,1.64,8.58,43.79,17.86,8.76,55.24
2007,6,66.56,133.3,89.51,9.38,24.84,19,,,18.12,,62.96,,54.05,,,,53.92,9.65,11.26,11.89,,,,1.63,8.52,43.16,17.75,8.72,55.78
2007,7,67.51,136.99,92.48,9.48,24.67,18.87,,,18.38,,63.36,,56.09,,,,56.82,10,11.6,12.43,,,,1.67,8.63,44.68,18,8.92,58
2007,8,66.99,135.05,91.54,9.4,26.35,19.12,,,18.24,,63.31,,55.66,,,,57.67,9.72,11.52,12.13,,,,1.63,8.58,43.83,17.86,8.82,53.7
2007,9,66.97,135.31,94.78,9.73,26.08,18.37,,,18.24,,66.87,,57.2,,,,58.13,10.15,12.27,12.71,,,,1.68,8.62,44.84,17.9,8.91,58.91
2007,10,67.11,138.85,96.83,10.24,25.88,17.36,,,18.28,,70.32,,57.91,,,,58.51,10.46,12.54,13,,,,1.71,8.66,46.33,17.94,8.99,61.8
2007,11,64.42,132.81,94.94,9.43,27.04,18.17,,,17.56,,64.61,,57.43,,,,58.4,10.01,11.71,12.73,,,,1.62,8.27,44.51,17.37,8.73,57.07
2007,12,62.68,124.32,90.17,8.95,27.06,18,,,17.07,,63.17,,54.23,,,,54.94,9.47,11.24,12.09,,,,1.59,8.03,43.11,16.69,8.51,54.49
2008,1,70.56,140.37,104.93,9.67,24.45,16.51,,,19.22,,70.97,,65.08,,,,66.22,10.95,13.07,14.12,,,,1.79,9.05,49.79,18.82,9.82,62.89
2008,2,68.98,137.1,104.73,9.08,24.58,16.86,,,18.79,,70.58,,65.77,,,,66.01,10.96,13.37,14.05,,,,1.74,8.87,49.49,18.41,9.7,65.22
2008,3,62.85,124.93,99.2,7.75,26.81,19.12,,,17.11,,61.47,,63,,,,63,10.58,12.33,13.1,,,,1.58,8.08,45.36,16.76,8.92,57.41
2008,4,62.14,122.28,97.01,8.14,27.05,19.46,,,16.92,,61.45,,60.26,,,,60.01,10.34,12.11,12.98,,,,1.53,7.97,45.64,16.57,8.88,58.03
2008,5,62.03,122.57,96.16,8.23,26.28,19.32,,,16.89,,62.73,,59.11,,,,58.86,10.31,12.18,12.89,,,,1.46,7.95,45.42,16.54,8.94,59.29
2008,6,64.69,128.96,102.16,8.21,25.06,18.26,,,17.61,,64.18,,63.57,,,,61.08,10.81,12.8,13.7,,,,1.51,8.29,47.53,17.25,9.44,62.43
2008,7,67.32,133.25,104.98,9.12,24.21,17.39,,,18.33,,65.79,,64.32,,,,62.25,11.11,13.08,14.23,,,,1.58,8.63,49.47,17.95,9.86,65.15
2008,8,68.73,125.94,101.39,8.94,23.93,16.93,,,18.71,,65.46,,62.81,,,,63.06,10.75,12.8,13.59,,,,1.57,8.8,48.55,18.33,10.05,59.45
2008,9,73.22,132.1,105.28,8.79,22.82,15.93,,,19.93,,69.78,,66.89,,,,70.03,10.78,12.65,14.12,,,,1.58,9.43,51.19,19.48,10.7,58.74
2008,10,79.65,130.22,101.99,7.92,23.6,16.35,,,21.68,,65.71,,69.72,,,,81.2,10.38,11.93,13.68,,,,1.62,10.28,53.75,21.24,11.64,53.19
2008,11,77.88,119.76,100.41,7.47,25.39,16.37,,,21.2,,62.91,,64.86,,,,81.81,9.91,11.33,13.5,,,,1.56,10.05,51.66,20.76,11.4,51.16
2008,12,77.71,112.35,109.48,8.27,25.13,16.79,,,21.16,,63.75,,73.43,,,,86.07,10.03,11.06,14.68,,,,1.61,10.03,54.08,20.71,11.38,53.78
2009,1,79.54,113.13,102.55,7.9,25.01,16.28,,,21.65,,64.83,,68.94,,,,88.97,9.66,11.49,13.78,,,,1.62,10.26,52.75,21.2,11.63,51.36
2009,2,79.69,113.85,101.46,8.03,24.88,16.48,,,21.69,,63.53,,68.4,,,,81.59,8.85,11.65,13.61,,,,1.57,10.28,51.59,21.25,11.65,51.45
2009,3,80.43,114.85,106.42,8.34,26.51,16.35,,,21.9,,64.05,,70.19,,,,82.13,9.72,11.65,14.3,,,,1.57,10.38,52.97,21.45,11.77,55.31
2009,4,78.66,116.7,104.8,9.24,28.35,17.04,,,21.42,,65.81,,69.56,,,,80.84,9.81,12,14.07,,,,1.58,10.15,53.23,20.98,11.53,57.25
2009,5,78.35,125.53,109.7,9.79,28.46,16.88,,,21.33,,70.66,,72.56,,,,81.04,10.24,12.25,14.74,,,,1.65,10.11,54.12,20.89,11.47,62.02
2009,6,77.16,129.02,109.06,9.92,26.7,17.04,,,21.01,,66.91,,71.45,,,,80.66,10.09,12.1,14.65,,,,1.61,9.96,53.37,20.57,11.29,62.77
2009,7,76.61,126.59,108.21,9.86,27.52,17.3,,,20.86,,70.91,,70.64,,,,80.48,10.35,12.36,14.53,,,,1.59,9.89,53.17,20.43,11.21,63.45
2009,8,76.23,123.45,108.71,9.74,26.96,17.28,,,20.76,,69.57,,71.72,,,,82.18,10.64,12.6,14.6,,,,1.56,9.84,52.82,20.33,11.16,63.85
2009,9,75,120.29,109.69,10.13,25.6,17.54,,,20.42,,69.47,,72.65,,,,83.38,10.83,12.84,14.73,,,,1.57,9.68,53.04,20,10.99,65.94
2009,10,75.24,124.5,111.62,9.74,25.07,17.61,,,20.49,,70.51,,73.88,,,,82.68,10.78,13.35,14.99,,,,1.6,9.71,53.85,20.06,11.02,68.8
2009,11,74.91,124.08,112.72,10.13,25.11,17.71,,,20.39,,70.98,,74.79,,,,86.53,10.82,13.3,15.08,,,,1.61,9.67,53.93,19.98,10.97,69.6
2009,12,75.82,121.89,108.94,10.22,25.07,17.62,,,20.64,,71.98,,73.28,,,,82.04,10.61,13.12,14.64,,,,1.62,9.78,54.03,20.21,11.11,67.99
2010,1,75.89,122.42,105.86,9.95,25.7,17.67,,,20.66,,71.08,,72.09,,,,84.51,10.33,12.89,14.21,,,,1.64,9.77,53.97,20.24,11.11,67.62
2010,2,76.9,117.53,104.48,9.92,26.61,17.71,,,20.94,,72.64,,71.39,,,,86.13,10.73,12.98,14.03,,,,1.66,9.91,54.6,20.51,11.27,68.48
2010,3,77.33,116.52,103.72,10.47,26.96,17.57,,,21.06,,75.94,,72.48,,,,82.92,10.65,12.92,13.94,,,,1.71,9.96,55.17,20.62,11.33,70.77
2010,4,77.27,118.71,102.45,10.51,27.62,17.9,,,21.04,,77.03,,71.42,,,,82.18,10.66,13.07,13.77,,,,1.74,9.95,56.58,20.6,11.32,71.97
2010,5,79.75,115.49,98.18,10.47,27.75,17.81,,,21.71,,76.04,,69.02,,,,87.16,10.19,12.27,13.2,,,,1.72,10.24,56.9,21.26,11.68,67.7
2010,6,81.92,123.19,100.05,10.7,27.91,17.95,,,22.3,,77.78,,75.67,,,,92.47,10.54,12.65,13.46,,,,1.76,10.52,58.6,21.84,12.07,70.04
2010,7,80.23,125.3,104.88,10.89,27.83,18.91,,,21.84,,77.49,,77.01,,,,92.82,11.09,13.16,14.08,,,,1.73,10.33,58.91,21.39,11.85,72.24
2010,8,81.07,125.07,102.5,11,28,18.77,,,22.07,,76.43,,79.2,,,,96.3,10.9,12.8,13.76,,,,1.72,10.42,59.73,21.62,11.91,72.01
2010,9,80.78,127.85,109.67,11.57,27.76,18.58,,,21.99,,78.17,,82.54,,,,96.86,11.97,13.76,14.72,,,,1.81,10.41,61.33,21.54,12.07,78.2
2010,10,80.79,128.71,112.13,11.53,28.28,18.51,,,22,,79.04,,81.94,,,,100.14,11.92,13.64,15.03,,,,1.81,10.42,62.18,21.54,12.11,78.76
2010,11,80.97,125.99,106.33,11.34,28.56,18.35,,,22.05,,79.48,,81.08,,,,96.49,11.61,13.15,14.24,,,,1.76,10.43,61.41,21.59,12.15,77.89
2010,12,80.75,124.77,107.63,12.2,28.57,18.51,,,21.99,,80.79,,86.21,,,,99.12,11.98,13.77,14.47,,,,1.8,10.39,62.81,21.53,12.25,82.24
2011,1,81.27,128.98,110.61,11.33,28.36,18.49,7.38,15.15,22.13,,81.2,,86.34,,,,99.05,12.49,13.97,14.85,,,,1.77,10.43,63.27,21.67,12.33,80.84
2011,2,82.36,132.69,113.37,11.75,28.62,18.42,7.28,14.93,22.43,,84.24,,88.77,,,,100.79,12.81,14.57,15.2,,,,1.82,10.57,64.72,21.96,12.53,83.78
2011,3,82.99,133.64,117.51,12.19,28.88,18.12,7.22,14.82,22.6,,85.49,,90.57,,,,100.35,13.15,14.88,15.75,,,,1.86,10.66,65.86,22.13,12.67,85.77
2011,4,83.42,138.91,123.74,12.62,28.41,18.1,7.19,14.72,22.71,,87.7,,95.63,,,,102.18,13.89,15.88,16.59,,,,1.88,10.73,67.96,22.24,12.85,90.92
2011,5,85.7,141.63,123.47,12.39,27.89,17.92,7,14.35,23.33,,88.38,,100.59,,,,105.52,13.85,15.92,16.52,,,,1.91,11.02,69.47,22.85,13.23,91.72
2011,6,89.86,144.62,130.21,13.22,30.32,18.01,6.68,13.72,24.47,,92.67,,108.09,,,,111.55,14.23,16.7,17.45,,,,2.01,11.55,73.09,23.96,13.9,96.41
2011,7,91.1,148.74,130.16,13.46,28.62,17.47,6.59,13.5,24.8,,95.82,,113.7,,,,117.42,14.28,16.81,17.47,,,,2.06,11.69,75.58,24.29,14.14,99.84
2011,8,93.62,153.73,135.94,13.28,30.12,17.31,6.39,13.18,25.49,,96.09,,114.78,,,,122.11,14.88,17.52,18.19,,,,2.04,12.01,77.59,24.96,14.67,99.68
2011,9,99.83,155.78,135.38,12.52,28.55,16.65,6.01,12.37,27.18,,96.16,,111,,,,130.54,14.57,17.14,18.16,,,,2.04,12.81,76.94,26.62,15.63,97.45
2011,10,99.78,159.56,139.62,12.73,26.02,16.69,6.03,12.38,27.17,,99.72,,114.37,,,,125.78,15.5,18.18,18.78,,,,2.04,12.85,79.83,26.61,15.7,105.24
2011,11,89.72,139.81,119.53,10.71,28.65,18.78,6.7,13.82,24.43,,86.87,,97.45,,,,115.1,13.01,15.33,16.07,,,,1.72,11.52,69.2,23.92,14.08,89.49
2011,12,85.07,131.12,110.06,10.39,29.51,18.81,7.09,15.62,23.16,,83.41,,90.42,,,,109.69,12.32,14.16,14.81,,,,1.6,10.95,65.39,22.68,13.49,86.39
2012,1,84.59,133.18,111.61,10.81,27.49,18.92,7.12,15.38,23.03,,84.74,,91.89,,,,111.26,12.59,14.57,15.01,,,,1.7,10.91,67.42,22.55,13.4,89.95
2012,2,82.97,132.2,111.75,11.1,28.55,19.21,7.26,15.79,22.59,,83.62,,92.84,,,,103.48,12.71,14.87,15.03,,,,1.7,10.7,66.55,22.12,13.18,89.71
2012,3,83.06,132.75,110.86,10.77,30.28,19.14,7.27,15.45,22.61,,83.55,,92,,,,101.34,12.54,14.53,14.91,,,,1.62,10.7,66.09,22.15,13.18,86.34
2012,4,83.22,135.51,110.3,10.75,30.14,19.08,7.26,16.57,22.66,,84.91,,91.82,,,,103.84,12.4,14.54,14.83,,,,1.59,10.73,67.32,22.19,13.19,87.01
2012,5,86.83,134.51,107.61,10.14,28.62,18.31,6.94,16.26,23.64,,84.46,,89.62,,,,110.22,12,14.31,14.48,,,,1.54,11.18,67.48,23.15,13.62,84.48
2012,6,84.23,131.42,105.96,10.07,29.38,18.71,7.17,16.68,22.93,,82.1,,88.12,,,,106.15,12.09,14.04,14.28,,,,1.49,10.86,66.35,22.46,13.25,85.8
2012,7,84.21,132.37,103.41,10.28,29.45,18.76,7.2,16.73,22.93,,84.13,,86.09,,,,107.69,12.42,13.97,13.9,,,,1.51,10.86,67.64,22.46,13.2,88.64
2012,8,84.32,133.13,105.43,9.94,29.65,18.64,7.21,16.89,22.96,,85.02,,87.81,,,,107.45,12.61,14.5,14.15,,,,1.51,10.87,67.31,22.48,13.28,86.86
2012,9,85.28,138.57,110.15,10.38,29.75,18.48,7.28,17.24,23.22,,87.04,,91.06,,,,109.98,13.05,14.94,14.79,,,,1.62,11,69.61,22.74,13.55,89.19
2012,10,85.18,136.95,110.37,9.85,30.41,18.63,7.26,17.32,23.19,,85.43,,91.37,,,,107,12.82,14.86,14.8,,,,1.57,10.99,69.79,22.71,13.65,88.38
2012,11,85.94,137.82,111.61,9.77,31.3,18.63,7.19,17.4,23.4,,86.57,,92.7,,,,104.22,12.91,15.15,14.98,,,,1.57,11.09,70.4,22.92,13.8,89.64
2012,12,86.03,139.02,113.56,10.14,31.26,18.42,7.18,17.87,23.42,,86.52,,94.11,,,,99.9,13.21,15.4,15.22,,,,1.57,11.1,70.35,22.94,13.81,89.35
2013,1,87.61,138.57,118.95,9.7,30.36,18.45,7.05,17.75,23.85,,87.35,,96.36,,,,96.29,13.82,16.01,15.95,,,,1.65,11.29,70.77,23.36,14.09,91.18
2013,2,86.24,130.74,113.45,9.75,30.63,18.81,7.34,17.8,23.48,,84.37,,92.79,,,,93.25,13.07,15.16,15.2,,,,1.6,11.12,69.79,23,13.86,88.61
2013,3,85.64,129.61,109.56,9.25,30.3,18.86,7.4,18.4,23.32,,84.26,,89.88,,,,90.96,13.12,14.64,14.71,,,,1.58,11.03,68.9,22.84,13.78,89.33
2013,4,83.82,130,109.95,9.32,31.16,19.42,7.53,18.8,22.82,,82.94,,89.63,,,,85.75,12.81,14.43,14.74,,,,1.55,10.8,67.98,22.35,13.6,86.87
2013,5,85.12,129.5,110.92,8.47,30.46,19.16,7.61,18.28,23.18,,82.58,,89.13,,,,84.36,12.95,14.59,14.89,,,,1.51,10.96,67.5,22.7,13.88,82.16
2013,6,86.01,131.34,112.4,8.66,30.17,18.92,7.56,18.09,23.42,,82.21,,91.13,,,,87.04,12.81,14.26,15.07,,,,1.44,11.09,68.09,22.93,14,79.82
2013,7,87.28,133.31,115.75,8.89,29.62,18.57,7.44,17.62,23.76,,84.75,,93.9,,,,89.37,13.37,14.74,15.52,,,,1.43,11.26,68.56,23.27,14.24,78.87
2013,8,87.6,135.98,116.06,8.47,29.53,18.45,7.43,17.52,23.85,,83.23,,94.16,,,,89.26,13.32,14.4,15.56,,,,1.31,11.3,68.77,23.36,14.31,78.41
2013,9,86.65,139.96,116.88,8.59,29.64,18.58,7.72,17.77,23.59,,84.17,,95.76,,,,88.39,13.49,14.45,15.68,,,,1.38,11.17,68.91,23.1,14.16,80.72
2013,10,85.15,136.38,116.68,8.56,29.65,18.86,7.89,18.22,23.18,,81.22,,94.45,,,,86.57,13.27,14.4,15.64,,,,1.39,10.98,68.65,22.7,13.97,80.84
2013,11,86.99,142.31,118.47,8.52,29.08,18.52,7.71,17.83,23.68,,82.14,,96.07,,,,85.28,13.21,14.1,15.88,,,,1.39,11.22,69.3,23.2,14.28,79.14
2013,12,86.31,142.4,119.22,8.27,29.17,18.62,7.75,17.85,23.5,,81.24,,97.28,,,,82.42,13.32,14.09,15.96,,,,1.39,11.13,68.21,23.01,14.26,75.92
2014,1,86.24,142.14,116.82,7.7,28.74,18.82,7.86,17.96,23.48,,77.15,,95.48,,,,84.1,13.23,13.86,15.65,,,,1.38,11.1,67.58,22.99,14.23,75.6
2014,2,86.33,144.07,118.33,8.06,29.17,18.81,7.88,18.02,23.5,,77.67,,97.18,,,,84.87,13.24,14.28,15.85,,,,1.39,11.12,68.13,23.02,14.01,77.32
2014,3,86.44,143.81,118.92,8.15,29.48,18.98,7.84,17.93,23.53,,78.22,,97.52,,,,84.18,13.41,14.39,15.93,,,,1.44,11.14,68.55,23.05,13.89,79.82
2014,4,86.87,146.14,120.02,8.21,29.03,18.93,7.81,17.84,23.65,,79.29,,98.34,,,,84.92,13.35,14.44,16.06,,,,1.44,11.21,69.14,23.16,13.87,80.69
2014,5,87.8,146.92,119.44,8.43,29.16,18.96,7.73,17.65,23.9,,80.92,,97.83,,,,86.42,13.29,14.72,16,,,,1.49,11.33,69.98,23.41,14.07,81.83
2014,6,87.63,149.2,119.55,8.26,29.64,18.89,7.74,17.69,23.86,,81.83,,98.21,,,,86.51,13.17,14.3,16.04,,,,1.46,11.31,70.18,23.37,14.12,82.56
2014,7,87.8,148.58,117.64,8.23,29.9,18.92,7.84,17.65,23.91,,80.57,,96.66,,,,85.54,12.76,14.05,15.78,,,,1.46,11.33,70.45,23.41,14.23,81.86
2014,8,88.39,146.59,116.5,8.3,29.67,18.87,7.78,17.54,24.07,,81.38,,96.56,,,,85.13,12.68,14.29,15.63,,,,1.46,11.41,70.78,23.57,14.39,82.65
2014,9,89.28,145.12,113.29,7.93,29.68,18.77,7.71,17.36,24.31,,80.09,,93.89,,,,81.63,12.34,13.86,15.22,,,,1.45,11.5,70.1,23.8,14.53,78.12
2014,10,89.35,142.74,112.34,8.2,30.33,19.1,7.72,17.49,24.33,,79.76,,93.29,,,,80.85,12.14,13.32,15.09,,,,1.46,11.52,69.71,23.82,14.62,78.57
2014,11,90.18,141.68,112.28,8.18,30.81,19.33,7.64,17.41,24.55,,79.48,,93.38,,,,76.27,12.1,12.98,15.09,,,,1.46,11.63,69.2,24.03,14.67,76.66
2014,12,90.6,140.95,110.17,7.79,30.58,19.1,7.61,17.18,24.67,,77.8,,91.4,,,,75.3,11.54,12.13,14.79,,,,1.42,11.68,68.55,24.14,14.61,74.17
2015,1,91.67,138.42,103.9,7.95,31.2,19.46,7.52,17.13,24.96,,72.68,,99.54,,,,77.79,11.09,11.71,13.97,,,,1.49,11.83,67.86,24.4,14.67,71.42
2015,2,91.42,141.18,102.51,7.92,31.67,20.07,7.54,17.02,24.89,,73.2,,96.32,,,,76.71,10.89,11.96,13.73,,,,1.48,11.79,67.38,24.38,14.58,71.35
2015,3,92.34,136.45,99.53,7.59,32.13,19.99,7.46,16.93,25.14,,72.68,,95.2,,,,76.89,10.69,11.46,13.33,,,,1.47,11.91,67.1,24.62,14.89,70.47
2015,4,94.6,145.82,104.87,8,31.55,20.98,7.27,16.46,25.76,,78.65,,100.56,,,,79.8,11.31,12.54,14.06,,,,1.49,12.21,71.43,25.23,15.25,75.52
2015,5,97.78,149.91,107.02,8.06,31.21,21.32,7.02,15.95,26.62,,78.73,,103.66,,,,78.93,11.54,12.52,14.35,,,,1.53,12.61,72.5,26.07,15.77,74.9
2015,6,98.64,155.1,110.4,8.12,33.3,20.02,7.33,15.82,26.86,,79.65,,105.68,,,,79.77,11.96,12.57,14.79,,,,1.55,12.72,73.26,26.3,15.9,75.76
2015,7,102.52,159.99,112.07,8.06,33.33,20.61,6.76,14.94,27.91,,78.82,,105.97,,,,82.6,11.88,12.54,15.02,,,,1.6,13.23,74.59,27.34,16.51,74.77
2015,8,103.87,160.31,116.8,7.79,35.19,20.6,7.02,14.81,28.28,,78.5,,108.25,,,,85.72,12.33,12.58,15.65,,,,1.57,13.4,73.55,27.69,16.28,74.28
2015,9,105.29,159.58,118.33,7.57,35.05,20.49,6.97,14.76,28.67,,78.53,,108.2,,,,87.77,12.55,12.42,15.87,,,,1.6,13.59,73.92,28.08,16.57,73.85
2015,10,101.8,155.6,111.59,7.36,35.02,21.4,7.26,15.12,27.72,,77.31,,102.64,,,,84.05,11.92,11.87,14.99,,,,1.56,13.14,72.6,27.15,16.06,72.26
2015,11,102.11,153.56,108.15,7.09,32.86,21.2,7.3,15.17,27.8,,76.33,,99.06,,,,83.2,11.68,11.74,14.49,,,,1.53,13.18,72.28,27.21,15.96,73.42
2015,12,102.31,151.8,111.78,6.58,32.99,21.11,7.31,15.02,27.86,,73.75,,103.45,,,,84.97,12.16,11.64,14.99,,,,1.54,13.2,72.38,27.26,15.75,74.72
2016,1,102.28,146.57,111.68,6.32,33.96,21.39,7.34,15.26,27.85,,73.01,,101.04,,,,86.03,12.01,11.86,14.97,,,,1.5,13.13,71.82,27.27,15.55,72.67
2016,2,101.7,141.56,111.48,6.36,32.97,21.51,7.34,15.33,27.69,,75.14,,102,,,,89.48,11.92,11.78,14.94,,,,1.48,13.09,72.38,27.12,15.55,73.03
2016,3,101.33,145.31,114.69,6.78,33.31,21.58,7.48,15.23,27.59,,77.96,,104.92,,,,90.21,12.42,12.17,15.39,,,,1.53,13.07,74.99,27.02,15.67,77.53
2016,4,101.14,147.52,114.5,7.08,32.95,21.65,7.38,15.46,27.54,,80.67,,104.38,,,,93.15,12.51,12.41,15.38,,,,1.52,13.04,75.03,26.97,15.61,77.17
2016,5,100.83,147.4,112.37,6.37,33.35,21.73,7.4,15.57,27.45,,77.14,,101.62,,,,90.71,12.1,12.08,15.11,,,,1.5,12.98,73,26.89,15.32,72.4
2016,6,101.1,136.44,112.3,6.77,33.68,21.66,7.38,16.65,27.53,,77.73,,103.28,,,,98.4,11.91,12.05,15.1,,,,1.5,13.03,75.1,26.96,15.21,75.26
2016,7,101.39,133.52,112.39,7.18,33.29,21.59,7.36,16.54,27.6,,77.03,,103.57,,,,98.16,11.75,11.85,15.13,,,,1.51,13.07,74.97,27.04,15.23,76.19
2016,8,101.36,132.88,113.08,7,33.25,21.58,7.71,16.52,27.6,,77.62,,103.23,,,,98.78,11.88,12.17,15.19,,,,1.51,13.07,74.4,27.03,15.18,76.37
2016,9,101.26,131.64,113.65,7.31,33.41,21.55,7.37,16.45,27.57,,77.41,,104.62,,,,99.74,11.82,12.61,15.24,,,,1.52,13.06,74.18,26.96,15.18,77.29
2016,10,101.46,123.6,111.13,7.39,34.1,21.51,8.08,16.49,27.62,,75.72,,102.72,,,,96.88,11.25,12.29,14.96,,,,1.52,13.08,72.93,27.05,14.99,77.27
2016,11,101.88,127.1,108.07,7.32,35.58,21.4,8.17,16.42,27.74,,75.8,,100.54,,,,90.39,11.09,11.93,14.56,,,,1.49,13.14,71.5,27.16,14.8,76.16
2016,12,102.49,125.42,107.06,7.39,35.27,21.25,7.96,16.35,27.9,,75.37,,99.5,,,,87.06,11.12,11.74,14.4,,,,1.5,13.22,70.68,27.32,14.73,73.84
2017,1,103.96,130.09,111.16,7.7,34.53,21.5,8.03,16.23,28.3,,79.38,,104.47,,,,91.56,11.77,12.5,14.95,,,,1.53,13.4,73.23,27.72,15.11,78.6
2017,2,102.98,127.92,109.08,7.9,34.86,21.7,7.96,16.51,28.04,,77.92,,102.42,,,,91.87,11.4,12.29,14.68,,,,1.54,13.27,73.58,27.46,15,79.02
2017,3,103,128.83,110.56,8,35.08,21.67,7.98,16.57,28.04,,77.43,,103.37,,,,92.62,11.57,12.06,14.87,,,,1.59,13.26,73.87,27.47,14.95,78.99
2017,4,103.22,133.52,112.37,7.77,35.31,21.65,8.14,16.41,28.1,,75.56,,103.95,,,,92.77,11.68,12.07,15.11,,,,1.61,13.27,73.93,27.52,14.96,77.18
2017,5,103.38,133.06,115.63,7.87,34.85,21.63,7.96,16.63,28.15,,76.77,,106.08,,,,93.21,11.84,12.25,15.54,,,,1.6,13.27,74.65,27.57,15.08,77.11
2017,6,103.71,134.6,118.31,7.97,34.57,21.57,7.96,16.65,28.24,,79.65,,108.19,,,,91.98,12.19,12.33,15.91,,,,1.6,13.29,75.08,27.65,15.29,79.5
2017,7,103.91,136.2,121.8,8,34.74,21.54,7.96,16.69,28.29,,83.39,,107.35,,,,94.03,12.81,13.14,16.41,,,,1.62,13.31,76.57,27.71,15.46,83
2017,8,103.14,133.22,123.01,7.9,34.9,21.73,8.05,16.89,28.08,,81.95,,107.6,,,,93.55,12.94,13.25,16.47,,,,1.61,13.18,75.94,27.5,15.63,81.5
2017,9,103.25,138.61,121.67,7.62,34.87,21.74,8.07,16.86,28.11,,82.8,,106.21,,,,91.69,12.7,13,16.36,,,,1.58,13.22,75.97,27.53,15.49,80.78
2017,10,103.69,136.65,120.28,7.38,35.2,21.64,8.06,16.93,28.23,,80.76,,104.08,,,,91.69,12.4,12.7,16.21,,,,1.6,13.29,76.21,27.65,15.65,79.6
2017,11,103.25,138.38,122.42,7.56,35.21,21.71,8.31,16.99,28.11,,80.35,,104.88,,,,92.24,12.35,12.55,16.44,,,,1.61,13.22,76.65,27.53,15.62,78.21
2017,12,103.23,138.75,123.28,8.35,35.21,21.7,8.32,17.1,28.1,,82.04,,105.28,,,,91.48,12.53,12.49,16.56,,,,1.61,13.21,77.17,27.53,15.8,80.42
2018,1,102.36,144.66,127.24,8.59,35.39,22,8.43,17.18,27.87,,83.11,,109.76,,,,94.24,13.01,13.3,17.1,,,,1.61,13.09,78.15,27.29,16.2,82.94
2018,2,101.62,141.58,125.02,8.73,35.92,22.15,8.36,17.43,27.67,,79.88,,108.29,,,,94.92,12.41,12.99,16.79,,,,1.57,12.98,76.99,27.1,16.09,79.65
2018,3,100.85,142.31,124.74,8.59,36.52,22.38,8.59,17.46,27.46,,78.27,,105.66,,,,94.88,12.13,12.88,16.71,,,,1.55,12.85,76.99,26.89,16.01,77.41
2018,4,100.36,138.32,121.33,8.12,36.98,22.75,8.65,17.55,27.32,,78.01,,101.44,,,,91.91,11.56,12.58,16.29,,,,1.5,12.79,75.76,26.76,15.83,75.9
2018,5,101.48,134.87,117.84,8.06,37.08,22.48,8.58,17.36,27.63,,78.76,,102.58,,,,93.19,11.43,12.34,15.82,,,,1.5,12.93,75.66,27.06,15.81,76.53
2018,6,101.05,132.1,116.86,7.31,38.38,22.51,8.65,17.44,27.51,,75.98,,101.24,,,,91.64,11.23,12.34,15.69,,,,1.47,12.88,73.91,26.94,15.27,74.22
2018,7,100.41,131.83,117.48,7.64,36.9,22.71,8.73,17.61,27.34,,77.06,,101.34,,,,90.45,11.45,12.33,15.77,,,,1.46,12.79,73.72,26.77,14.72,74.33
2018,8,100.65,130.92,117.39,6.88,37.38,22.68,8.75,17.59,27.4,,77.44,,103.61,,,,90.34,11.03,12.07,15.74,,,,1.42,12.82,73.61,26.84,14.71,73.3
2018,9,100.96,132.49,117.88,7.14,37.87,22.67,8.61,17.71,27.49,,77.26,,103.62,,,,89.29,11.43,12.41,15.81,,,,1.39,12.92,73.9,26.92,14.66,72.87
2018,10,101.85,129.91,115.61,6.99,36.91,22.53,8.71,17.46,27.73,,77.61,,101.66,,,,90.27,11.13,12.14,15.53,,,,1.38,12.98,73.65,27.15,14.62,72.45
2018,11,102.54,131.05,116.78,7.53,36.33,22.43,8.69,17.4,27.92,,77.29,,103.15,,,,90.57,11.32,12.01,15.66,,,,1.47,13.11,74.88,27.33,14.77,75.28
2018,12,101.85,129.02,116.45,7.08,36.46,22.58,8.77,17.6,27.73,,74.7,,103.8,,,,92.27,11.35,11.69,15.61,,,,1.46,13,74.55,27.15,14.81,71.89
2019,1,100.89,132.01,115.3,7.41,36.35,22.93,8.89,17.81,27.47,,76.31,,101.07,,,,92.09,11.11,11.89,15.44,,,,1.42,12.86,74.67,26.9,15.03,72.52
2019,2,100.09,133.24,113.89,7.18,36.82,23.43,8.99,18.02,27.25,,76.08,,100.23,,,,90.29,10.8,11.71,15.26,,,,1.41,12.75,74.21,26.69,14.98,71.49
2019,3,100.75,131.85,113.04,6.87,36.95,23.08,8.96,17.93,27.43,,75.02,,101.03,,,,90.94,10.79,11.61,15.14,,,,1.45,12.84,74.23,26.86,14.95,71.3
2019,4,101.38,130.98,113.11,7.08,36.92,22.74,8.79,18.07,27.6,,75.3,,99.33,,,,90.67,10.66,11.67,15.15,,,,1.45,12.93,74.45,27.03,15.06,71.49
2019,5,101.36,127.96,112.81,6.84,37.18,22.64,8.97,18.1,27.59,,74.86,,100.74,,,,93,10.62,11.54,15.11,,,,1.45,12.92,73.5,27.03,14.67,70.09
2019,6,102.3,129.96,116.31,7.22,36.12,22.51,8.91,17.96,27.85,,77.95,,104.65,,,,94.87,11.02,12,15.58,,,,1.48,13.09,75.59,27.28,14.88,71.6
2019,7,104.21,126.88,115.95,7.35,35.51,22.06,8.8,17.68,28.37,,79.05,,105.12,,,,95.93,10.89,11.89,15.55,,,,1.51,13.32,76,27.79,15.14,71.6
2019,8,103.55,126.4,114.63,6.78,35.65,22.19,8.88,17.81,28.19,,77.86,,105.3,,,,97.29,10.62,11.41,15.36,,,,1.44,13.2,74.6,27.61,14.5,69.82
2019,9,103.89,128.01,113.54,6.86,35.47,22.13,8.89,17.78,28.28,,78.5,,104.81,,,,96.37,10.6,11.44,15.22,,,,1.47,13.25,75.19,27.7,14.58,70.14
2019,10,103.21,132.98,114.71,6.9,35.95,22.32,8.93,18.1,28.1,,78.86,,104.02,,,,94.79,10.61,11.18,15.35,,,,1.45,13.16,75.73,27.52,14.63,70.82
2019,11,102.81,132.82,113.18,6.98,35.94,22.37,9.08,18.24,27.99,,77.36,,102.95,,,,93.88,10.73,11.19,15.15,,,,1.44,13.14,75.27,27.42,14.61,69.59
2019,12,101.34,132.94,113.37,7.19,36.17,22.68,9.36,18.54,27.59,,77.59,,104.31,,,,92.8,10.86,11.52,15.18,,,,1.42,13.01,75.15,27.01,14.5,70.91
2020,1,100.59,131.69,110.9,6.81,36.59,22.96,9.44,18.72,27.38,,76.17,,103.64,,,,92.21,10.43,10.96,14.84,,,,1.41,12.95,73.85,26.81,14.5,67.61
2020,2,100.98,130.11,110.78,6.55,36.74,22.82,9.42,18.73,27.49,,75.53,,104.22,,,,91.88,10.47,10.74,14.83,,,,1.41,12.96,72.38,26.92,14.41,66.4
2020,3,104.69,129.87,115.38,5.83,36.25,22.09,9.1,18.05,28.5,,73.83,,109.04,,,,96.69,10.41,10,15.44,,,,1.39,13.5,73.5,27.87,14.76,64.82
2020,4,107.29,133.09,116.42,5.91,35.46,21.57,8.88,17.63,29.21,,77.39,,110.08,,,,100.71,10.9,10.42,15.62,,,,1.43,13.84,76.09,28.54,15.21,70.43
2020,5,106.94,131.14,117.81,6.14,35.4,21.65,8.92,17.71,29.11,,77.77,,110.29,,,,99.27,11.17,10.85,15.81,,,,1.41,13.79,75.39,28.48,14.94,70.87
2020,6,106.52,131.17,120.14,6.18,35.02,21.74,8.79,18.07,29,,77.91,,112.53,,,,99.14,11.48,11.02,16.11,,,,1.41,13.74,76.46,28.4,15.05,73.06
2020,7,107.71,139.63,126.39,6.47,34.21,21.51,8.9,17.89,29.32,,80.6,,117.91,,,,102.32,12.31,11.89,17.02,,,,1.44,13.9,78.24,28.72,15.38,77.09
2020,8,108.21,143.5,128.55,6.53,33.97,21.44,8.94,17.83,29.46,,82.67,,119.73,,,,102.49,12.54,12.3,17.3,,,,1.47,13.96,79.59,28.85,15.79,79.48
2020,9,108.5,139.51,126.89,6.39,34.29,21.38,8.99,17.81,29.54,,81.09,,117.62,,,,102.7,12.05,11.49,17.04,,,,1.47,14,79.22,28.93,15.91,77.3
2020,10,108.82,141.16,127.27,6.65,34.37,21.31,8.99,17.78,29.63,,81.73,,118.97,,,,104.3,12.2,11.41,17.07,,,,1.46,14.04,79.74,29.02,16.28,76.61
2020,11,110.05,146.72,131.18,7.21,33.62,21.07,8.98,17.61,29.96,,84.72,,121.87,,,,105.96,12.95,12.44,17.7,,,,1.49,14.2,82.29,29.34,16.71,81.29
2020,12,109.17,148.36,133.9,7.46,33.38,21.24,9.08,17.77,29.72,,85.42,,123.46,,,,105.93,13.33,12.74,18.02,,,,1.49,14.08,82.45,29.1,16.73,83.71
2021,1,110.14,150.55,133.16,7.24,33.5,21.05,9.01,17.64,29.99,,85.68,,123.68,,,,105.6,13.17,12.7,17.93,,,,1.51,14.21,82.71,29.36,17.03,83.84
2021,2,109.8,154.84,133.83,7.3,33.38,21.12,9.05,17.71,29.89,,87.02,,121.2,,,,103.45,13.2,12.85,17.95,,,,1.5,14.16,82.67,29.28,16.97,86.02
2021,3,109.51,150.69,128.6,7.31,33.47,21.18,9.08,17.78,29.81,,86.82,,116.19,,,,99.22,12.53,12.76,17.28,,,,1.49,14.09,81.23,29.2,16.67,83.33
2021,4,107.84,150.27,130.63,7.56,33.2,21.5,9.28,18.08,29.36,,87.75,,118.65,,,,98.93,12.93,13.19,17.57,,,,1.46,13.89,81.26,28.76,16.67,83.83
2021,5,107.59,152.32,130.88,7.77,32.95,21.55,9.31,18.37,29.29,,88.81,,119.2,,,,97.75,12.9,12.84,17.57,,,,1.48,13.86,81.17,28.69,16.88,82.66
2021,6,107.85,149.2,128.23,7.51,32.96,21.5,9.33,18.29,29.36,,87.19,,116.85,,,,97.46,12.62,12.58,17.23,,,,1.45,13.89,80.12,28.76,16.67,81.05
2021,7,108.61,151.2,128.69,7.45,32.69,21.35,9.27,18.25,29.57,,87.11,,119.55,,,,98.89,12.68,12.41,17.34,,,,1.46,13.98,80.23,28.96,16.81,80.31
2021,8,109.87,151.13,129.59,7.5,32.17,21.11,9.18,18.07,29.91,,87.26,,120.03,,,,99.99,12.76,12.69,17.47,,,,1.5,14.12,81.73,29.29,16.99,80.38
2021,9,110.49,149.64,129.01,7.33,32,20.91,9.2,17.99,30.08,,87.04,,118.85,,,,99.15,12.63,12.68,17.3,,,,1.49,14.19,81.33,29.45,17.09,79.87
2021,10,111.21,152.96,129.08,7.34,31.95,20.73,9.16,17.89,30.28,,90.03,,121.22,,,,97.96,12.96,13.23,17.36,,,,1.49,14.3,82.59,29.65,17.38,83.7
2021,11,112.49,150.11,126.96,6.96,31.69,20.46,9.21,17.71,30.62,,88.32,,121.75,,,,99.13,12.32,12.41,17.08,,,,1.5,14.42,82.22,29.99,17.62,80.44
2021,12,113.14,152.05,127.99,7.11,31.31,20.37,9.17,17.63,30.8,,88.87,,123.82,,,,98.3,12.51,12.84,17.23,,,,1.52,14.51,83.79,30.14,17.75,82.15
2022,1,113.57,152.55,127.22,7.29,30.9,20.34,9.15,17.58,30.92,,89.18,,122,,,,98.4,12.06,12.68,17.04,,,,1.51,14.56,83.77,30.27,17.85,79.71
2022,2,113.84,152.68,127.65,7.5,31.16,20.34,8.96,17.56,30.99,,89.15,,122.77,,,,98.5,12.06,12.79,17.15,,,,1.51,14.58,84.13,30.34,18.03,82.15
2022,3,114.95,151.13,127.8,7.94,31.23,20.18,8.85,17.85,31.3,,92.38,,124.39,,,,94.33,12.41,13.36,17.24,,,,1.52,14.69,84.95,30.64,18.1,86.44
2022,4,115.77,146.09,122.83,7.25,30.79,20.08,8.8,17.74,31.52,,90.13,,119.12,,,,89.14,11.7,12.35,16.34,,,,1.51,14.75,83.49,30.87,17.52,82
2022,5,116.74,147.45,125.6,7.53,32.31,19.93,8.74,17.61,31.78,,92.13,,121.67,,,,91.43,11.96,12.4,16.89,,,,1.5,14.87,85.35,31.12,17.51,83.79
2022,6,117.83,143.7,124.02,7.32,31.91,19.79,8.68,17.47,32.08,,91.66,,123.96,,,,86.31,11.59,12.02,16.66,,,,1.49,15.02,84.82,31.4,17.6,81.17
2022,7,118.8,143.69,120.67,7.22,32.64,19.63,8.64,17.34,32.34,,92.81,,124.88,,,,89.38,11.66,12.24,16.31,,,,1.5,15.13,86.19,31.63,17.62,83.31
2022,8,120.01,140.5,120.09,7.1,31.79,19.43,8.62,17.19,32.67,,91.78,,123.28,,,,86.54,11.24,12.25,16.14,,,,1.51,15.29,85.83,31.95,17.38,82.56
2022,9,120.73,130.66,117.13,6.73,31.97,19.32,8.77,17.11,32.87,,88.38,,123.31,,,,83.48,10.74,11.26,15.81,,,,1.48,15.38,84.07,32.13,16.92,78.4
2022,10,121.33,140.3,121.09,6.71,31.36,19.22,8.79,17.04,33.03,,89.19,,121.8,,,,82.25,11.09,11.79,16.26,,,,1.47,15.46,86.02,32.28,16.74,77.94
2022,11,122.45,147.21,127.13,7.22,30.54,19.06,8.83,16.91,33.34,,90.24,,128.59,,,,88.41,11.6,12.26,17.05,,,,1.5,15.68,89.29,32.58,17.14,82.01
2022,12,123.37,148.47,131.27,7.22,30.11,18.92,8.65,16.8,33.59,,90.79,,133.47,,,,92.28,11.78,12.46,17.66,,,,1.49,15.83,91.49,32.81,17.72,82.86
2023,1,124.4,154,135.33,7.14,29.65,18.79,8.69,16.68,33.87,,92.76,,134.48,,,,95.44,11.95,12.45,18.14,,,,1.52,15.88,94.64,33.14,18.41,87.53
2023,2,126.85,151.87,133.93,6.88,29.33,18.43,8.59,16.33,34.54,,93.36,,135.4,,,,93.08,12.19,12.24,18.05,,,,1.53,16.16,94.04,33.8,18.28,85.31
2023,3,132.33,163.67,144.37,7.35,28.56,17.68,8.32,15.72,36.03,,97.75,,144.94,,,,99.63,12.78,12.71,19.39,,,,1.61,16.86,99.61,35.24,19.25,88.64
2023,4,135.91,169.37,149.72,7.44,27.48,17.29,8.2,15.32,37.01,,99.87,,151.65,,,,101.41,13.18,12.78,20.09,,,,1.66,17.31,101.69,36.23,19.62,89.89
2023,5,138.49,172.12,148.54,7.03,27.19,17.07,8.16,20.38,37.71,,101.85,,153.32,,,,99.02,12.77,12.43,19.95,,,,1.68,17.68,102.53,36.93,19.56,90.41
2023,6,140.52,177.28,152.98,7.45,26.08,17.19,8.25,20.12,38.26,,105.83,,156.14,,,,97.01,12.88,12.98,20.52,,,,1.71,17.93,103.67,37.47,19.38,93.24
2023,7,142.36,182.97,156.61,8.06,26.13,17.21,8.31,19.86,38.76,,107.4,,163.26,,,,100.36,13.48,13.94,21.02,,,,1.73,18.25,106.87,37.96,19.91,94.97
2023,8,145.41,184.64,158.69,7.85,25.55,17.23,8.18,19.46,39.59,,107.44,,165.93,,,,99.78,13.45,13.78,21.34,,,,1.76,18.53,107.8,38.76,19.97,94.66
2023,9,148.1,180.56,156,7.82,25.35,16.91,8.17,19.14,40.32,,109.87,,162.12,,,,99.17,13.59,13.85,21.01,,,,1.78,18.92,108.52,39.49,20.28,95.64
2023,10,150.56,182.72,159.56,7.96,25.06,16.6,8.14,18.86,40.99,,108.74,,166.9,,,,100.27,13.48,13.48,21.38,,,,1.81,19.24,110.13,40.13,20.58,95.57
2023,11,153.15,194.46,168.22,8.28,24.92,16.36,8.1,18.57,41.7,,112.77,,174.81,,,,103.87,14.8,14.38,22.56,,,,1.84,19.63,115,40.83,21.49,101.42
2023,12,156.46,199.8,173.78,8.44,24.19,16.07,8.05,18.21,42.6,,118.31,,186.91,,,,111,15.74,15.42,23.22,,,,1.88,20.02,118.68,41.72,22.05,107.02
2024,1,160.75,203.79,173.95,8.54,23.73,15.83,7.9,17.75,43.77,,119.81,,186.29,,,,108.8,15.41,15.36,23.34,,,,1.93,20.56,119.91,42.86,22.38,105.56
2024,2,143.59,181.88,155.59,7.46,27.44,17.76,8.89,19.9,39.09,,105.79,,163.46,,,,95.78,13.89,13.57,20.87,,,,1.73,18.35,106.77,38.29,19.95,93.57
2024,3,131.8,166.55,142.67,6.96,29.48,19.36,9.76,21.71,35.89,,97.09,,145.69,,,,87.11,12.41,12.22,19.13,,,,1.58,16.84,97.82,35.14,18.25,86.06
2024,4,133.28,167.05,142.58,7.13,28.62,19.46,9.69,21.52,36.29,,97.32,,146.14,,,,84.99,12.15,12.07,19.12,,,,1.6,17.03,97.86,35.54,18.4,86.96
2024,5,130.23,165.68,140.89,6.93,29.3,19.96,9.97,22.05,35.46,,95.29,,144.02,,,,83.07,12.29,12.34,18.89,,,,1.56,16.66,96.4,34.72,17.98,86.42
2024,6,129.53,163.9,138.87,7.06,28.64,20.27,10.09,22.21,35.26,,94.64,,144.51,,,,80.76,12.24,12.17,18.62,,,,1.55,16.59,95.49,34.53,17.82,86.36
2024,7,129.92,166.84,140.42,7.07,28.64,20.82,10.12,22.18,35.37,,93.79,,146.78,,,,84.14,12.03,11.82,18.82,,,,1.55,16.63,96.61,34.63,17.92,84.9
2024,8,129.17,169.94,143.04,7.26,28.76,20.98,10.29,22.35,35.17,,95.83,,152.45,,,,88.91,12.6,12.29,19.18,,,,1.54,16.57,99.09,34.42,18.21,87.68
2024,9,129.2,173.03,144.24,7.56,28.58,21.13,10.38,22.45,35.17,,95.66,,153.61,,,,90.97,12.81,12.31,19.35,,,,1.54,16.63,100.95,34.44,18.42,89.6
2024,10,129.2,167.32,140.18,7.31,28.34,21.05,10.49,22.49,35.18,,92.82,,149.23,,,,84.45,12.09,11.77,18.79,,,,1.54,16.62,97.68,34.4,18.14,84.88
2024,11,129.68,164.82,137.09,7.18,28.46,20.4,10.55,22.78,35.3,,92.68,,147.1,,,,86.38,11.9,11.77,18.38,,,,1.53,16.66,96.78,34.52,17.93,84.49
2024,12,129.29,162.27,134.29,6.87,28.41,18.99,10.73,22.87,35.2,,89.72,,142.67,,,,82.12,11.69,11.35,18,,,,1.51,16.66,95.11,34.43,17.71,80.35
2025,1,129.23,160.72,134.49,6.98,28.52,19.81,10.98,22.9,35.18,,89.62,,142.39,,,,83.86,11.72,11.43,18.02,,,,1.49,16.58,95.7,34.45,17.82,80.46
2025,2,129.23,162.61,134.23,6.99,28.49,20.07,10.83,22.92,35.19,,89.48,,143.7,,,,86.31,11.99,11.47,18,,,,1.48,16.61,95.8,34.46,17.73,80.29
2025,3,129.32,167.35,139.51,7.08,28.34,20.65,10.90,22.92,35.21,,90.35,,146.54,,,,85.73,12.92,12.32,18.70,,,,1.51,16.63,96.40,34.48,17.80,81.23
2025,4,129.34,173.21,147.16,6.98,28.34,20.72,10.91,22.99,35.21,,93.52,,157.08,,,,90.79,13.42,12.46,19.71,,,,1.52,16.67,99.06,34.48,17.80,82.97
2025,5,129.24,174.15,146.64,7.24,28.13,20.76,10.94,23.03,35.19,,93.51,,156.99,,,,89.79,13.49,12.75,19.66,,,,1.51,16.48,100.22,34.45,17.98,83.13
